src,dst,samples,loss_pct,rtt_min_ms,rtt_p50_ms,rtt_p90_ms,rtt_p95_ms,rtt_max_ms,rtt_mean_ms,rtt_stdev_ms,netem_delay_ms,netem_jitter_ms,error
eu-central-1,ap-southeast-1,200,0.0,158.0,158.0,158.0,158.0,161.0,158.025,0.233,79.0,0.0,
eu-central-1,us-east-1,200,0.0,91.2,91.2,91.3,91.4,122.0,91.424,2.185,45.6,0.1,
eu-central-1,ap-southeast-2,200,0.0,249.0,249.0,249.0,249.0,256.0,249.08,0.635,124.5,0.0,
eu-central-1,sa-east-1,200,0.0,202.0,202.0,202.0,202.0,214.0,202.1,0.906,101.0,0.0,
eu-central-1,us-east-2,200,0.0,95.1,95.2,95.2,95.3,98.4,95.218,0.231,47.6,0.05,
eu-central-1,eu-west-1,200,0.0,19.8,19.9,19.9,20.0,26.9,19.961,0.69,9.95,0.05,
eu-central-1,us-west-1,200,0.0,149.0,149.0,149.0,149.0,153.0,149.025,0.29,74.5,0.0,
ap-southeast-1,eu-central-1,200,0.0,158.0,158.0,158.0,158.0,168.0,158.09,0.763,79.0,0.0,
ap-southeast-1,us-east-1,200,0.0,230.0,230.0,230.0,230.0,232.0,230.01,0.141,115.0,0.0,
ap-southeast-1,ap-southeast-2,200,0.0,92.6,92.6,92.7,92.7,108.0,92.795,1.293,46.3,0.05,
ap-southeast-1,sa-east-1,200,0.0,333.0,333.0,333.0,333.0,335.0,333.015,0.157,166.5,0.0,
ap-southeast-1,us-east-2,200,0.0,199.0,199.0,199.0,199.0,205.0,199.095,0.58,99.5,0.0,
ap-southeast-1,eu-west-1,200,0.0,176.0,176.0,176.0,176.0,206.0,176.235,2.189,88.0,0.0,
ap-southeast-1,us-west-1,200,0.0,207.0,207.0,208.0,208.0,222.0,207.205,1.137,103.5,0.5,
us-east-1,eu-central-1,200,0.0,91.2,91.3,91.3,91.4,122.0,91.481,2.211,45.65,0.05,
us-east-1,ap-southeast-1,200,0.0,230.0,230.0,230.0,230.0,238.0,230.105,0.796,115.0,0.0,
us-east-1,ap-southeast-2,200,0.0,217.0,217.0,217.0,217.0,228.0,217.085,0.829,108.5,0.0,
us-east-1,sa-east-1,200,0.0,113.0,113.0,113.0,114.0,114.0,113.055,0.228,56.5,0.5,
us-east-1,us-east-2,200,0.0,11.2,11.3,11.4,11.4,13.7,11.322,0.191,5.65,0.05,
us-east-1,eu-west-1,200,0.0,67.8,67.8,67.9,67.9,71.6,67.889,0.379,33.9,0.05,
us-east-1,us-west-1,200,0.0,74.3,74.4,74.6,78.0,87.4,74.784,1.395,37.2,1.8,
ap-southeast-2,eu-central-1,200,0.0,249.0,249.0,249.0,249.0,277.0,249.26,2.21,124.5,0.0,
ap-southeast-2,ap-southeast-1,200,0.0,92.6,92.6,92.7,92.7,94.3,92.64,0.164,46.3,0.05,
ap-southeast-2,us-east-1,200,0.0,217.0,217.0,217.0,217.0,218.0,217.015,0.122,108.5,0.0,
ap-southeast-2,sa-east-1,200,0.0,312.0,313.0,313.0,313.0,317.0,313.01,0.332,156.5,0.0,
ap-southeast-2,us-east-2,200,0.0,187.0,187.0,187.0,187.0,189.0,187.015,0.157,93.5,0.0,
ap-southeast-2,eu-west-1,200,0.0,253.0,253.0,253.0,253.0,254.0,253.02,0.14,126.5,0.0,
ap-southeast-2,us-west-1,200,0.0,138.0,138.0,138.0,138.0,139.0,138.005,0.071,69.0,0.0,
sa-east-1,eu-central-1,200,0.0,201.0,202.0,202.0,202.0,206.0,202.03,0.373,101.0,0.0,
sa-east-1,ap-southeast-1,200,0.0,333.0,333.0,333.0,333.0,334.0,333.02,0.14,166.5,0.0,
sa-east-1,us-east-1,200,0.0,112.0,113.0,113.0,113.0,116.0,113.045,0.365,56.5,0.0,
sa-east-1,ap-southeast-2,200,0.0,312.0,313.0,313.0,313.0,325.0,313.03,0.871,156.5,0.0,
sa-east-1,us-east-2,200,0.0,122.0,123.0,124.0,124.0,126.0,123.3,0.539,61.5,0.5,
sa-east-1,eu-west-1,200,0.0,176.0,177.0,177.0,177.0,190.0,177.065,0.954,88.5,0.0,
sa-east-1,us-west-1,200,0.0,171.0,172.0,172.0,172.0,177.0,171.995,0.406,86.0,0.0,
us-east-2,eu-central-1,200,0.0,95.1,95.2,95.2,95.3,96.3,95.21,0.133,47.6,0.05,
us-east-2,ap-southeast-1,200,0.0,199.0,199.0,199.0,199.0,206.0,199.08,0.666,99.5,0.0,
us-east-2,us-east-1,200,0.0,11.2,11.3,11.4,11.4,11.5,11.296,0.062,5.65,0.05,
us-east-2,ap-southeast-2,200,0.0,187.0,187.0,187.0,187.0,192.0,187.045,0.404,93.5,0.0,
us-east-2,sa-east-1,200,0.0,122.0,123.0,124.0,124.0,133.0,123.28,0.861,61.5,0.5,
us-east-2,eu-west-1,200,0.0,76.5,76.6,76.6,76.7,85.0,76.651,0.679,38.3,0.05,
us-east-2,us-west-1,200,0.0,65.5,65.6,65.7,65.7,84.7,65.704,1.349,32.8,0.05,
eu-west-1,eu-central-1,200,0.0,19.8,19.8,19.9,19.9,34.2,19.94,1.044,9.9,0.05,
eu-west-1,ap-southeast-1,200,0.0,176.0,176.0,176.0,176.0,182.0,176.055,0.482,88.0,0.0,
eu-west-1,us-east-1,200,0.0,67.8,67.8,67.9,67.9,69.2,67.861,0.173,33.9,0.05,
eu-west-1,ap-southeast-2,200,0.0,253.0,253.0,253.0,253.0,256.0,253.025,0.233,126.5,0.0,
eu-west-1,sa-east-1,200,0.0,176.0,177.0,177.0,177.0,180.0,176.955,0.461,88.5,0.0,
eu-west-1,us-east-2,200,0.0,76.5,76.6,76.6,76.7,78.1,76.574,0.139,38.3,0.05,
eu-west-1,us-west-1,200,0.0,128.0,128.0,128.0,128.0,129.0,128.05,0.218,64.0,0.0,
us-west-1,eu-central-1,200,0.0,149.0,149.0,149.0,149.0,149.0,149.0,0.0,74.5,0.0,
us-west-1,ap-southeast-1,200,0.0,188.0,207.0,207.0,207.0,208.0,197.535,9.497,103.5,0.0,
us-west-1,us-east-1,200,0.0,74.3,74.4,74.5,74.7,83.9,74.555,0.821,37.2,0.15,
us-west-1,ap-southeast-2,200,0.0,138.0,138.0,138.0,138.0,138.0,138.0,0.0,69.0,0.0,
us-west-1,sa-east-1,200,0.0,171.0,171.0,171.0,171.0,171.0,171.0,0.0,85.5,0.0,
us-west-1,us-east-2,200,0.0,65.5,65.6,65.7,65.7,65.8,65.63,0.076,32.8,0.05,
us-west-1,eu-west-1,200,0.0,128.0,128.0,128.0,129.0,129.0,128.06,0.237,64.0,0.5,
